GeneA_HOG	GeneA_ID	GeneB_HOG	GeneB_ID	Overlapping_branches_BXB	Slope_BXB	Pearson_R2_BXB	Pearson_P_BXB	Spearman_R2_BXB	Spearman_P_BXB	Overlapping_branches_R2T	Slope_R2T	Pearson_R2_R2T	Pearson_P_R2T	Spearman_R2_R2T	Spearman_P_R2T
HOG0003819	A_thaliana__AT5G23050.1	HOG0005829	A_thaliana__AT5G65165.1	9	0.09293768426324797	0.012188208210986422	0.777366340356346	0.07111111111111111	0.4879222748387009	10	0.6978141275451197	0.3645419281865875	0.06454726639575752	0.5028099173553717	0.021665923367532435
HOG0003819	A_thaliana__AT5G23050.1	HOG0012544	A_thaliana__AT5G17250.1	26	0.33070089826264176	0.0734262942685413	0.1805857623411705	0.05137777777777777	0.2654912702249571	16	0.874961138201907	0.7310618808239825	2.438874523320378e-05	0.6306228373702423	0.0002391909276256312
HOG0005829	A_thaliana__AT5G65165.1	HOG0011388	A_thaliana__AT5G59460.1	9	0.14137959995825936	0.011875780344181817	0.7801811419751572	0.039999999999999994	0.6059012741795533	10	-0.8128329945703286	0.474395391503715	0.027619970708116674	0.5557024793388429	0.013330146315440047
HOG0005829	A_thaliana__AT5G65165.1	HOG0012544	A_thaliana__AT5G17250.1	9	-0.07090476996830662	0.0031743780613694384	0.8855249866970962	0.0225	0.7000942309691419	10	0.4835030885167229	0.350722801456461	0.07124837800001589	0.5377777777777776	0.01580059625057158
HOG0011388	A_thaliana__AT5G59460.1	HOG0012565	A_thaliana__AT5G23590.1	26	0.15821657128462605	0.018298942137992324	0.5099739060205246	0.0838523193805245	0.15132327920078376	16	0.4074738696748472	0.18655000407837774	0.09479316810611471	0.32557093425605543	0.02099069636821777